"Fact","Fact Note","Arkansas","Value Note for Arkansas","Arizona","Value Note for Arizona","Alaska","Value Note for Alaska","Alabama","Value Note for Alabama","Fact","Fact Note","Delaware","Value Note for Delaware","Connecticut","Value Note for Connecticut","Colorado","Value Note for Colorado","California","Value Note for California","Fact","Fact Note","Idaho","Value Note for Idaho","Hawaii","Value Note for Hawaii","Georgia","Value Note for Georgia","Florida","Value Note for Florida","Fact","Fact Note","Kansas","Value Note for Kansas","Iowa","Value Note for Iowa","Indiana","Value Note for Indiana","Illinois","Value Note for Illinois","Fact","Fact Note","Maryland","Value Note for Maryland","Maine","Value Note for Maine","Louisiana","Value Note for Louisiana","Kentucky","Value Note for Kentucky","Fact","Fact Note","Mississippi","Value Note for Mississippi","Minnesota","Value Note for Minnesota","Michigan","Value Note for Michigan","Massachusetts","Value Note for Massachusetts","Fact","Fact Note","Nevada","Value Note for Nevada","Nebraska","Value Note for Nebraska","Montana","Value Note for Montana","Missouri","Value Note for Missouri","Fact","Fact Note","Oklahoma","Value Note for Oklahoma","Ohio","Value Note for Ohio","North Dakota","Value Note for North Dakota","North Carolina","Value Note for North Carolina","Fact","Fact Note","New York","Value Note for New York","New Mexico","Value Note for New Mexico","New Jersey","Value Note for New Jersey","New Hampshire","Value Note for New Hampshire","Fact","Fact Note","South Carolina","Value Note for South Carolina","Rhode Island","Value Note for Rhode Island","Pennsylvania","Value Note for Pennsylvania","Oregon","Value Note for Oregon","Fact","Fact Note","Utah","Value Note for Utah","Texas","Value Note for Texas","Tennessee","Value Note for Tennessee","South Dakota","Value Note for South Dakota","Fact","Fact Note","West Virginia","Value Note for West Virginia","Washington","Value Note for Washington","Virginia","Value Note for Virginia","Vermont","Value Note for Vermont","Fact","Fact Note","Wyoming","Value Note for Wyoming","Wisconsin","Value Note for Wisconsin",
"Population estimates, July 1, 2018,  (V2018)","","3,013,825","","7,171,646","","737,438","","4,887,871","","Population estimates, July 1, 2018,  (V2018)","","967,171","","3,572,665","","5,695,564","","39,557,045","","Population estimates, July 1, 2018,  (V2018)","","1,754,208","","1,420,491","","10,519,475","","21,299,325","","Population estimates, July 1, 2018,  (V2018)","","2,911,505","","3,156,145","","6,691,878","","12,741,080","","Population estimates, July 1, 2018,  (V2018)","","6,042,718","","1,338,404","","4,659,978","","4,468,402","","Population estimates, July 1, 2018,  (V2018)","","2,986,530","","5,611,179","","9,995,915","","6,902,149","","Population estimates, July 1, 2018,  (V2018)","","3,034,392","","1,929,268","","1,062,305","","6,126,452","","Population estimates, July 1, 2018,  (V2018)","","3,943,079","","11,689,442","","760,077","","10,383,620","","Population estimates, July 1, 2018,  (V2018)","","19,542,209","","2,095,428","","8,908,520","","1,356,458","","Population estimates, July 1, 2018,  (V2018)","","5,084,127","","1,057,315","","12,807,060","","4,190,713","","Population estimates, July 1, 2018,  (V2018)","","3,161,105","","28,701,845","","6,770,010","","882,235","","Population estimates, July 1, 2018,  (V2018)","","1,805,832","","7,535,591","","8,517,685","","626,299","","Population estimates, July 1, 2018,  (V2018)","","577,737","","5,813,568","",
"Population estimates base, April 1, 2010,  (V2018)","","2,916,028","","6,392,288","","710,249","","4,780,138","","Population estimates base, April 1, 2010,  (V2018)","","897,934","","3,574,147","","5,029,316","","37,254,523","","Population estimates base, April 1, 2010,  (V2018)","","1,567,657","","1,360,307","","9,688,709","","18,804,580","","Population estimates base, April 1, 2010,  (V2018)","","2,853,126","","3,046,872","","6,484,061","","12,831,572","","Population estimates base, April 1, 2010,  (V2018)","","5,773,798","","1,328,369","","4,533,485","","4,339,333","","Population estimates base, April 1, 2010,  (V2018)","","2,968,118","","5,303,925","","9,884,117","","6,547,790","","Population estimates base, April 1, 2010,  (V2018)","","2,700,679","","1,826,305","","989,409","","5,988,952","","Population estimates base, April 1, 2010,  (V2018)","","3,751,583","","11,536,757","","672,576","","9,535,736","","Population estimates base, April 1, 2010,  (V2018)","","19,378,124","","2,059,180","","8,791,962","","1,316,464","","Population estimates base, April 1, 2010,  (V2018)","","4,625,381","","1,052,957","","12,702,873","","3,831,075","","Population estimates base, April 1, 2010,  (V2018)","","2,763,891","","25,146,114","","6,346,286","","814,198","","Population estimates base, April 1, 2010,  (V2018)","","1,853,001","","6,724,540","","8,001,055","","625,744","","Population estimates base, April 1, 2010,  (V2018)","","563,773","","5,687,282","",
"Population, percent change - April 1, 2010 (estimates base) to July 1, 2018,  (V2018)","","3.4%","","12.2%","","3.8%","","2.3%","","Population, percent change - April 1, 2010 (estimates base) to July 1, 2018,  (V2018)","","7.7%","","Z","","13.2%","","6.2%","","Population, percent change - April 1, 2010 (estimates base) to July 1, 2018,  (V2018)","","11.9%","","4.4%","","8.6%","","13.3%","","Population, percent change - April 1, 2010 (estimates base) to July 1, 2018,  (V2018)","","2.0%","","3.6%","","3.2%","","-0.7%","","Population, percent change - April 1, 2010 (estimates base) to July 1, 2018,  (V2018)","","4.7%","","0.8%","","2.8%","","3.0%","","Population, percent change - April 1, 2010 (estimates base) to July 1, 2018,  (V2018)","","0.6%","","5.8%","","1.1%","","5.4%","","Population, percent change - April 1, 2010 (estimates base) to July 1, 2018,  (V2018)","","12.4%","","5.6%","","7.4%","","2.3%","","Population, percent change - April 1, 2010 (estimates base) to July 1, 2018,  (V2018)","","5.1%","","1.3%","","13.0%","","8.9%","","Population, percent change - April 1, 2010 (estimates base) to July 1, 2018,  (V2018)","","0.8%","","1.8%","","1.3%","","3.0%","","Population, percent change - April 1, 2010 (estimates base) to July 1, 2018,  (V2018)","","9.9%","","0.4%","","0.8%","","9.4%","","Population, percent change - April 1, 2010 (estimates base) to July 1, 2018,  (V2018)","","14.4%","","14.1%","","6.7%","","8.4%","","Population, percent change - April 1, 2010 (estimates base) to July 1, 2018,  (V2018)","","-2.5%","","12.1%","","6.5%","","0.1%","","Population, percent change - April 1, 2010 (estimates base) to July 1, 2018,  (V2018)","","2.5%","","2.2%","",
"Population, Census, April 1, 2010","","2,915,918","","6,392,017","","710,231","","4,779,736","","Population, Census, April 1, 2010","","897,934","","3,574,097","","5,029,196","","37,253,956","","Population, Census, April 1, 2010","","1,567,582","","1,360,301","","9,687,653","","18,801,310","","Population, Census, April 1, 2010","","2,853,118","","3,046,355","","6,483,802","","12,830,632","","Population, Census, April 1, 2010","","5,773,552","","1,328,361","","4,533,372","","4,339,367","","Population, Census, April 1, 2010","","2,967,297","","5,303,925","","9,883,640","","6,547,629","","Population, Census, April 1, 2010","","2,700,551","","1,826,341","","989,415","","5,988,927","","Population, Census, April 1, 2010","","3,751,351","","11,536,504","","672,591","","9,535,483","","Population, Census, April 1, 2010","","19,378,102","","2,059,179","","8,791,894","","1,316,470","","Population, Census, April 1, 2010","","4,625,364","","1,052,567","","12,702,379","","3,831,074","","Population, Census, April 1, 2010","","2,763,885","","25,145,561","","6,346,105","","814,180","","Population, Census, April 1, 2010","","1,852,994","","6,724,540","","8,001,024","","625,741","","Population, Census, April 1, 2010","","563,626","","5,686,986","",
"Persons under 5 years, percent","","6.3%","","6.1%","","7.2%","","6.0%","","Persons under 5 years, percent","","5.7%","","5.1%","","5.9%","","6.2%","","Persons under 5 years, percent","","6.6%","","6.2%","","6.2%","","5.4%","","Persons under 5 years, percent","","6.5%","","6.3%","","6.3%","","6.0%","","Persons under 5 years, percent","","6.0%","","4.8%","","6.6%","","6.2%","","Persons under 5 years, percent","","6.2%","","6.3%","","5.7%","","5.2%","","Persons under 5 years, percent","","6.1%","","6.9%","","5.9%","","6.1%","","Persons under 5 years, percent","","6.6%","","5.9%","","7.2%","","5.9%","","Persons under 5 years, percent","","5.8%","","5.9%","","5.8%","","4.7%","","Persons under 5 years, percent","","5.8%","","5.1%","","5.5%","","5.6%","","Persons under 5 years, percent","","8.0%","","7.1%","","6.0%","","7.0%","","Persons under 5 years, percent","","5.3%","","6.1%","","6.0%","","4.7%","","Persons under 5 years, percent","","6.2%","","5.8%","",
"Persons under 18 years, percent","","23.3%","","22.9%","","24.9%","","22.3%","","Persons under 18 years, percent","","21.1%","","20.6%","","22.2%","","22.7%","","Persons under 18 years, percent","","25.5%","","21.4%","","23.8%","","19.9%","","Persons under 18 years, percent","","24.2%","","23.2%","","23.4%","","22.4%","","Persons under 18 years, percent","","22.2%","","18.7%","","23.5%","","22.6%","","Persons under 18 years, percent","","23.6%","","23.2%","","21.7%","","19.8%","","Persons under 18 years, percent","","22.7%","","24.7%","","21.6%","","22.5%","","Persons under 18 years, percent","","24.3%","","22.2%","","23.5%","","22.2%","","Persons under 18 years, percent","","20.8%","","23.0%","","21.9%","","19.0%","","Persons under 18 years, percent","","21.8%","","19.4%","","20.7%","","20.8%","","Persons under 18 years, percent","","29.5%","","25.8%","","22.2%","","24.7%","","Persons under 18 years, percent","","20.2%","","22.1%","","22.0%","","18.5%","","Persons under 18 years, percent","","23.3%","","22.0%","",
"Persons 65 years and over, percent","","17.0%","","17.5%","","11.8%","","16.9%","","Persons 65 years and over, percent","","18.7%","","17.2%","","14.2%","","14.3%","","Persons 65 years and over, percent","","15.9%","","18.4%","","13.9%","","20.5%","","Persons 65 years and over, percent","","15.9%","","17.1%","","15.8%","","15.6%","","Persons 65 years and over, percent","","15.4%","","20.6%","","15.4%","","16.4%","","Persons 65 years and over, percent","","15.9%","","15.9%","","17.2%","","16.5%","","Persons 65 years and over, percent","","15.7%","","15.7%","","18.7%","","16.9%","","Persons 65 years and over, percent","","15.7%","","17.1%","","15.3%","","16.3%","","Persons 65 years and over, percent","","16.4%","","17.5%","","16.1%","","18.1%","","Persons 65 years and over, percent","","17.7%","","17.2%","","18.2%","","17.6%","","Persons 65 years and over, percent","","11.1%","","12.6%","","16.4%","","16.6%","","Persons 65 years and over, percent","","19.9%","","15.4%","","15.4%","","19.4%","","Persons 65 years and over, percent","","16.5%","","17.0%","",
"Female persons, percent","","50.9%","","50.3%","","47.9%","","51.6%","","Female persons, percent","","51.6%","","51.2%","","49.6%","","50.3%","","Female persons, percent","","49.9%","","49.9%","","51.4%","","51.1%","","Female persons, percent","","50.2%","","50.2%","","50.7%","","50.9%","","Female persons, percent","","51.5%","","51.0%","","51.2%","","50.7%","","Female persons, percent","","51.5%","","50.2%","","50.8%","","51.5%","","Female persons, percent","","49.9%","","50.1%","","49.7%","","50.9%","","Female persons, percent","","50.5%","","51.0%","","48.8%","","51.4%","","Female persons, percent","","51.4%","","50.5%","","51.1%","","50.4%","","Female persons, percent","","51.5%","","51.4%","","51.0%","","50.4%","","Female persons, percent","","49.6%","","50.3%","","51.2%","","49.5%","","Female persons, percent","","50.5%","","50.0%","","50.8%","","50.6%","","Female persons, percent","","49.0%","","50.2%","",
"White alone, percent","","79.1%","","82.8%","","65.3%","","69.1%","","White alone, percent","","69.5%","","80.0%","","87.1%","","72.1%","","White alone, percent","","93.0%","","25.6%","","60.5%","","77.3%","","White alone, percent","","86.4%","","90.7%","","85.1%","","76.9%","","White alone, percent","","58.8%","","94.6%","","62.9%","","87.6%","","White alone, percent","","59.1%","","84.1%","","79.3%","","80.8%","","White alone, percent","","74.3%","","88.3%","","89.0%","","83.0%","","White alone, percent","","74.2%","","81.9%","","87.0%","","70.6%","","White alone, percent","","69.7%","","82.0%","","72.0%","","93.2%","","White alone, percent","","68.5%","","83.9%","","81.8%","","86.8%","","White alone, percent","","90.7%","","78.8%","","78.5%","","84.4%","","White alone, percent","","93.5%","","78.9%","","69.5%","","94.2%","","White alone, percent","","92.6%","","87.1%","",
"Black or African American alone, percent","(a)","15.7%","","5.1%","","3.8%","","26.8%","","Black or African American alone, percent","(a)","23.0%","","12.0%","","4.6%","","6.5%","","Black or African American alone, percent","(a)","0.9%","","2.2%","","32.4%","","16.9%","","Black or African American alone, percent","(a)","6.1%","","4.0%","","9.8%","","14.6%","","Black or African American alone, percent","(a)","30.9%","","1.6%","","32.7%","","8.4%","","Black or African American alone, percent","(a)","37.8%","","6.8%","","14.1%","","8.9%","","Black or African American alone, percent","(a)","10.1%","","5.1%","","0.6%","","11.8%","","Black or African American alone, percent","(a)","7.8%","","13.0%","","3.4%","","22.2%","","Black or African American alone, percent","(a)","17.6%","","2.6%","","15.0%","","1.7%","","Black or African American alone, percent","(a)","27.1%","","8.4%","","12.0%","","2.2%","","Black or African American alone, percent","(a)","1.4%","","12.8%","","17.1%","","2.4%","","Black or African American alone, percent","(a)","3.6%","","4.3%","","19.9%","","1.4%","","Black or African American alone, percent","(a)","1.3%","","6.7%","",
"American Indian and Alaska Native alone, percent","(a)","1.0%","","5.3%","","15.4%","","0.7%","","American Indian and Alaska Native alone, percent","(a)","0.7%","","0.6%","","1.6%","","1.6%","","American Indian and Alaska Native alone, percent","(a)","1.7%","","0.4%","","0.5%","","0.5%","","American Indian and Alaska Native alone, percent","(a)","1.2%","","0.5%","","0.4%","","0.6%","","American Indian and Alaska Native alone, percent","(a)","0.6%","","0.7%","","0.8%","","0.3%","","American Indian and Alaska Native alone, percent","(a)","0.6%","","1.4%","","0.7%","","0.5%","","American Indian and Alaska Native alone, percent","(a)","1.7%","","1.5%","","6.6%","","0.6%","","American Indian and Alaska Native alone, percent","(a)","9.3%","","0.3%","","5.5%","","1.6%","","American Indian and Alaska Native alone, percent","(a)","1.0%","","10.9%","","0.6%","","0.3%","","American Indian and Alaska Native alone, percent","(a)","0.5%","","1.1%","","0.4%","","1.8%","","American Indian and Alaska Native alone, percent","(a)","1.5%","","1.0%","","0.5%","","9.0%","","American Indian and Alaska Native alone, percent","(a)","0.3%","","1.9%","","0.5%","","0.4%","","American Indian and Alaska Native alone, percent","(a)","2.7%","","1.2%","",
"Asian alone, percent","(a)","1.7%","","3.7%","","6.6%","","1.5%","","Asian alone, percent","(a)","4.1%","","4.9%","","3.5%","","15.3%","","Asian alone, percent","(a)","1.6%","","37.6%","","4.3%","","3.0%","","Asian alone, percent","(a)","3.1%","","2.7%","","2.5%","","5.9%","","Asian alone, percent","(a)","6.7%","","1.2%","","1.8%","","1.6%","","Asian alone, percent","(a)","1.1%","","5.1%","","3.4%","","7.1%","","Asian alone, percent","(a)","8.7%","","2.7%","","0.9%","","2.1%","","Asian alone, percent","(a)","2.3%","","2.5%","","1.8%","","3.2%","","Asian alone, percent","(a)","9.0%","","1.8%","","10.0%","","3.0%","","Asian alone, percent","(a)","1.8%","","3.6%","","3.7%","","4.8%","","Asian alone, percent","(a)","2.7%","","5.2%","","1.9%","","1.7%","","Asian alone, percent","(a)","0.8%","","9.3%","","6.9%","","2.0%","","Asian alone, percent","(a)","1.1%","","3.0%","",
"Native Hawaiian and Other Pacific Islander alone, percent","(a)","0.4%","","0.3%","","1.4%","","0.1%","","Native Hawaiian and Other Pacific Islander alone, percent","(a)","0.1%","","0.1%","","0.2%","","0.5%","","Native Hawaiian and Other Pacific Islander alone, percent","(a)","0.2%","","10.2%","","0.1%","","0.1%","","Native Hawaiian and Other Pacific Islander alone, percent","(a)","0.1%","","0.1%","","0.1%","","0.1%","","Native Hawaiian and Other Pacific Islander alone, percent","(a)","0.1%","","Z","","0.1%","","0.1%","","Native Hawaiian and Other Pacific Islander alone, percent","(a)","0.1%","","0.1%","","Z","","0.1%","","Native Hawaiian and Other Pacific Islander alone, percent","(a)","0.8%","","0.1%","","0.1%","","0.2%","","Native Hawaiian and Other Pacific Islander alone, percent","(a)","0.2%","","0.1%","","0.1%","","0.1%","","Native Hawaiian and Other Pacific Islander alone, percent","(a)","0.1%","","0.2%","","0.1%","","Z","","Native Hawaiian and Other Pacific Islander alone, percent","(a)","0.1%","","0.2%","","0.1%","","0.5%","","Native Hawaiian and Other Pacific Islander alone, percent","(a)","1.1%","","0.1%","","0.1%","","0.1%","","Native Hawaiian and Other Pacific Islander alone, percent","(a)","Z","","0.8%","","0.1%","","Z","","Native Hawaiian and Other Pacific Islander alone, percent","(a)","0.1%","","0.1%","",
"Two or More Races, percent","","2.2%","","2.9%","","7.4%","","1.7%","","Two or More Races, percent","","2.7%","","2.4%","","3.1%","","3.9%","","Two or More Races, percent","","2.5%","","24.0%","","2.2%","","2.2%","","Two or More Races, percent","","3.0%","","1.9%","","2.1%","","2.0%","","Two or More Races, percent","","2.9%","","1.8%","","1.7%","","2.0%","","Two or More Races, percent","","1.3%","","2.5%","","2.5%","","2.5%","","Two or More Races, percent","","4.5%","","2.3%","","2.8%","","2.3%","","Two or More Races, percent","","6.2%","","2.3%","","2.2%","","2.3%","","Two or More Races, percent","","2.6%","","2.6%","","2.3%","","1.8%","","Two or More Races, percent","","1.9%","","2.8%","","2.1%","","3.9%","","Two or More Races, percent","","2.6%","","2.0%","","2.0%","","2.4%","","Two or More Races, percent","","1.8%","","4.8%","","3.1%","","2.0%","","Two or More Races, percent","","2.2%","","2.0%","",
"Hispanic or Latino, percent","(b)","7.7%","","31.6%","","7.2%","","4.4%","","Hispanic or Latino, percent","(b)","9.5%","","16.5%","","21.7%","","39.3%","","Hispanic or Latino, percent","(b)","12.7%","","10.7%","","9.8%","","26.1%","","Hispanic or Latino, percent","(b)","12.1%","","6.2%","","7.1%","","17.4%","","Hispanic or Latino, percent","(b)","10.4%","","1.7%","","5.2%","","3.8%","","Hispanic or Latino, percent","(b)","3.4%","","5.5%","","5.2%","","12.3%","","Hispanic or Latino, percent","(b)","29.0%","","11.2%","","4.0%","","4.3%","","Hispanic or Latino, percent","(b)","10.9%","","3.9%","","3.9%","","9.6%","","Hispanic or Latino, percent","(b)","19.2%","","49.1%","","20.6%","","3.9%","","Hispanic or Latino, percent","(b)","5.8%","","15.9%","","7.6%","","13.3%","","Hispanic or Latino, percent","(b)","14.2%","","39.6%","","5.6%","","4.1%","","Hispanic or Latino, percent","(b)","1.7%","","12.9%","","9.6%","","2.0%","","Hispanic or Latino, percent","(b)","10.1%","","6.9%","",
"White alone, not Hispanic or Latino, percent","","72.2%","","54.4%","","60.3%","","65.4%","","White alone, not Hispanic or Latino, percent","","61.9%","","66.5%","","67.9%","","36.8%","","White alone, not Hispanic or Latino, percent","","81.7%","","21.8%","","52.4%","","53.5%","","White alone, not Hispanic or Latino, percent","","75.7%","","85.3%","","78.9%","","61.0%","","White alone, not Hispanic or Latino, percent","","50.5%","","93.1%","","58.6%","","84.3%","","White alone, not Hispanic or Latino, percent","","56.5%","","79.5%","","74.9%","","71.4%","","White alone, not Hispanic or Latino, percent","","48.7%","","78.6%","","85.9%","","79.3%","","White alone, not Hispanic or Latino, percent","","65.3%","","78.7%","","84.0%","","62.8%","","White alone, not Hispanic or Latino, percent","","55.4%","","37.1%","","54.9%","","90.0%","","White alone, not Hispanic or Latino, percent","","63.7%","","72.0%","","76.1%","","75.3%","","White alone, not Hispanic or Latino, percent","","78.0%","","41.5%","","73.7%","","81.4%","","White alone, not Hispanic or Latino, percent","","92.1%","","68.0%","","61.5%","","92.5%","","White alone, not Hispanic or Latino, percent","","83.8%","","81.1%","",
"Veterans, 2013-2017","","206,796","","486,760","","67,004","","341,642","","Veterans, 2013-2017","","66,854","","180,111","","376,336","","1,661,433","","Veterans, 2013-2017","","115,437","","106,630","","646,350","","1,454,632","","Veterans, 2013-2017","","185,292","","193,451","","397,715","","614,725","","Veterans, 2013-2017","","380,555","","110,362","","254,920","","279,153","","Veterans, 2013-2017","","172,587","","319,438","","581,527","","325,299","","Veterans, 2013-2017","","210,461","","122,311","","84,878","","424,605","","Veterans, 2013-2017","","276,948","","752,153","","47,228","","670,326","","Veterans, 2013-2017","","757,900","","150,650","","351,542","","100,474","","Veterans, 2013-2017","","367,921","","59,535","","803,420","","291,153","","Veterans, 2013-2017","","125,074","","1,482,871","","441,554","","60,330","","Veterans, 2013-2017","","138,508","","541,122","","688,536","","40,145","","Veterans, 2013-2017","","46,540","","350,330","",
"Foreign born persons, percent, 2013-2017","","4.7%","","13.4%","","7.6%","","3.5%","","Foreign born persons, percent, 2013-2017","","9.1%","","14.2%","","9.8%","","27.0%","","Foreign born persons, percent, 2013-2017","","5.9%","","18.1%","","10.0%","","20.2%","","Foreign born persons, percent, 2013-2017","","7.0%","","5.0%","","5.0%","","14.0%","","Foreign born persons, percent, 2013-2017","","14.9%","","3.6%","","4.2%","","3.6%","","Foreign born persons, percent, 2013-2017","","2.3%","","8.2%","","6.6%","","16.2%","","Foreign born persons, percent, 2013-2017","","19.5%","","6.9%","","2.1%","","4.0%","","Foreign born persons, percent, 2013-2017","","5.9%","","4.3%","","3.6%","","7.8%","","Foreign born persons, percent, 2013-2017","","22.7%","","9.7%","","22.1%","","5.9%","","Foreign born persons, percent, 2013-2017","","4.9%","","13.7%","","6.6%","","9.9%","","Foreign born persons, percent, 2013-2017","","8.3%","","16.9%","","5.0%","","3.3%","","Foreign born persons, percent, 2013-2017","","1.6%","","13.8%","","12.1%","","4.5%","","Foreign born persons, percent, 2013-2017","","3.6%","","4.9%","",
"Housing units,  July 1, 2018,  (V2018)","","1,380,504","","3,035,669","","318,336","","2,274,565","","Housing units,  July 1, 2018,  (V2018)","","438,693","","1,521,117","","2,424,051","","14,277,157","","Housing units,  July 1, 2018,  (V2018)","","735,672","","546,213","","4,326,105","","9,547,305","","Housing units,  July 1, 2018,  (V2018)","","1,280,774","","1,409,650","","2,903,554","","5,376,064","","Housing units,  July 1, 2018,  (V2018)","","2,458,801","","746,596","","2,076,028","","1,995,182","","Housing units,  July 1, 2018,  (V2018)","","1,332,577","","2,456,064","","4,614,380","","2,914,929","","Housing units,  July 1, 2018,  (V2018)","","1,268,633","","845,042","","515,175","","2,806,371","","Housing units,  July 1, 2018,  (V2018)","","1,743,069","","5,217,423","","377,649","","4,684,876","","Housing units,  July 1, 2018,  (V2018)","","8,363,934","","943,208","","3,628,302","","638,091","","Housing units,  July 1, 2018,  (V2018)","","2,318,271","","469,157","","5,713,150","","1,788,681","","Housing units,  July 1, 2018,  (V2018)","","1,108,763","","11,100,779","","2,992,279","","397,526","","Housing units,  July 1, 2018,  (V2018)","","893,778","","3,148,129","","3,538,847","","337,110","","Housing units,  July 1, 2018,  (V2018)","","278,595","","2,710,723","",
"Owner-occupied housing unit rate, 2013-2017","","65.6%","","63.1%","","63.7%","","68.6%","","Owner-occupied housing unit rate, 2013-2017","","71.3%","","66.6%","","64.7%","","54.5%","","Owner-occupied housing unit rate, 2013-2017","","69.2%","","58.1%","","63.0%","","64.8%","","Owner-occupied housing unit rate, 2013-2017","","66.4%","","71.1%","","68.9%","","66.1%","","Owner-occupied housing unit rate, 2013-2017","","66.8%","","72.0%","","65.5%","","67.0%","","Owner-occupied housing unit rate, 2013-2017","","68.1%","","71.6%","","71.0%","","62.4%","","Owner-occupied housing unit rate, 2013-2017","","55.4%","","66.0%","","67.7%","","66.9%","","Owner-occupied housing unit rate, 2013-2017","","65.7%","","66.1%","","63.3%","","65.0%","","Owner-occupied housing unit rate, 2013-2017","","54.0%","","67.9%","","64.1%","","70.7%","","Owner-occupied housing unit rate, 2013-2017","","68.6%","","60.0%","","69.0%","","61.7%","","Owner-occupied housing unit rate, 2013-2017","","69.6%","","62.0%","","66.3%","","67.9%","","Owner-occupied housing unit rate, 2013-2017","","72.7%","","62.7%","","66.2%","","70.5%","","Owner-occupied housing unit rate, 2013-2017","","69.2%","","67.0%","",
"Median value of owner-occupied housing units, 2013-2017","","$118,500","","$193,200","","$261,900","","$132,100","","Median value of owner-occupied housing units, 2013-2017","","$238,600","","$270,100","","$286,100","","$443,400","","Median value of owner-occupied housing units, 2013-2017","","$176,800","","$563,900","","$158,400","","$178,700","","Median value of owner-occupied housing units, 2013-2017","","$139,200","","$137,200","","$130,200","","$179,700","","Median value of owner-occupied housing units, 2013-2017","","$296,500","","$179,900","","$152,900","","$130,000","","Median value of owner-occupied housing units, 2013-2017","","$109,300","","$199,700","","$136,400","","$352,600","","Median value of owner-occupied housing units, 2013-2017","","$216,400","","$142,400","","$209,100","","$145,400","","Median value of owner-occupied housing units, 2013-2017","","$125,800","","$135,100","","$174,100","","$161,000","","Median value of owner-occupied housing units, 2013-2017","","$293,000","","$163,900","","$321,100","","$244,900","","Median value of owner-occupied housing units, 2013-2017","","$148,600","","$242,200","","$170,500","","$265,700","","Median value of owner-occupied housing units, 2013-2017","","$238,300","","$151,500","","$151,700","","$152,700","","Median value of owner-occupied housing units, 2013-2017","","$111,600","","$286,800","","$255,800","","$220,600","","Median value of owner-occupied housing units, 2013-2017","","$204,900","","$169,300","",
"Median selected monthly owner costs -with a mortgage, 2013-2017","","$1,039","","$1,354","","$1,862","","$1,149","","Median selected monthly owner costs -with a mortgage, 2013-2017","","$1,533","","$2,065","","$1,623","","$2,206","","Median selected monthly owner costs -with a mortgage, 2013-2017","","$1,195","","$2,303","","$1,351","","$1,432","","Median selected monthly owner costs -with a mortgage, 2013-2017","","$1,310","","$1,202","","$1,109","","$1,633","","Median selected monthly owner costs -with a mortgage, 2013-2017","","$1,954","","$1,357","","$1,234","","$1,131","","Median selected monthly owner costs -with a mortgage, 2013-2017","","$1,105","","$1,506","","$1,251","","$2,102","","Median selected monthly owner costs -with a mortgage, 2013-2017","","$1,422","","$1,315","","$1,344","","$1,225","","Median selected monthly owner costs -with a mortgage, 2013-2017","","$1,181","","$1,247","","$1,326","","$1,261","","Median selected monthly owner costs -with a mortgage, 2013-2017","","$2,064","","$1,244","","$2,398","","$1,878","","Median selected monthly owner costs -with a mortgage, 2013-2017","","$1,202","","$1,803","","$1,446","","$1,594","","Median selected monthly owner costs -with a mortgage, 2013-2017","","$1,455","","$1,484","","$1,196","","$1,255","","Median selected monthly owner costs -with a mortgage, 2013-2017","","$997","","$1,763","","$1,728","","$1,563","","Median selected monthly owner costs -with a mortgage, 2013-2017","","$1,389","","$1,399","",
"Median selected monthly owner costs -without a mortgage, 2013-2017","","$336","","$394","","$571","","$348","","Median selected monthly owner costs -without a mortgage, 2013-2017","","$450","","$851","","$442","","$542","","Median selected monthly owner costs -without a mortgage, 2013-2017","","$357","","$507","","$402","","$475","","Median selected monthly owner costs -without a mortgage, 2013-2017","","$476","","$456","","$389","","$603","","Median selected monthly owner costs -without a mortgage, 2013-2017","","$598","","$483","","$326","","$356","","Median selected monthly owner costs -without a mortgage, 2013-2017","","$346","","$499","","$471","","$754","","Median selected monthly owner costs -without a mortgage, 2013-2017","","$411","","$494","","$405","","$420","","Median selected monthly owner costs -without a mortgage, 2013-2017","","$383","","$458","","$441","","$383","","Median selected monthly owner costs -without a mortgage, 2013-2017","","$728","","$340","","$1,005","","$773","","Median selected monthly owner costs -without a mortgage, 2013-2017","","$360","","$705","","$515","","$497","","Median selected monthly owner costs -without a mortgage, 2013-2017","","$406","","$481","","$371","","$456","","Median selected monthly owner costs -without a mortgage, 2013-2017","","$309","","$539","","$453","","$655","","Median selected monthly owner costs -without a mortgage, 2013-2017","","$402","","$540","",
"Median gross rent, 2013-2017","","$709","","$972","","$1,200","","$747","","Median gross rent, 2013-2017","","$1,076","","$1,123","","$1,125","","$1,358","","Median gross rent, 2013-2017","","$792","","$1,507","","$927","","$1,077","","Median gross rent, 2013-2017","","$801","","$740","","$782","","$952","","Median gross rent, 2013-2017","","$1,311","","$808","","$825","","$713","","Median gross rent, 2013-2017","","$740","","$906","","$824","","$1,173","","Median gross rent, 2013-2017","","$1,017","","$773","","$751","","$784","","Median gross rent, 2013-2017","","$766","","$764","","$775","","$844","","Median gross rent, 2013-2017","","$1,194","","$809","","$1,249","","$1,052","","Median gross rent, 2013-2017","","$836","","$957","","$885","","$988","","Median gross rent, 2013-2017","","$948","","$952","","$808","","$696","","Median gross rent, 2013-2017","","$681","","$1,120","","$1,166","","$945","","Median gross rent, 2013-2017","","$828","","$813","",
"Building permits, 2018","","10,179","","41,664","","1,677","","14,824","","Building permits, 2018","","6,003","","4,815","","42,627","","113,502","","Building permits, 2018","","15,824","","4,659","","59,315","","144,427","","Building permits, 2018","","9,478","","11,518","","21,480","","21,510","","Building permits, 2018","","18,647","","4,697","1","15,835","","13,826","","Building permits, 2018","","6,883","","25,673","","19,580","1","17,044","","Building permits, 2018","","17,645","","7,866","","5,099","","16,875","","Building permits, 2018","","10,502","","24,221","","3,211","","71,691","","Building permits, 2018","","37,778","","4,813","1","27,942","","4,445","","Building permits, 2018","","35,487","","1,294","","23,325","","20,132","1","Building permits, 2018","","25,574","","192,878","","37,169","","4,963","","Building permits, 2018","","2,887","","47,746","","31,977","","2,080","","Building permits, 2018","","1,812","","19,113","",
"Households, 2013-2017","","1,147,291","","2,482,311","","252,536","","1,856,695","","Households, 2013-2017","","352,357","","1,361,755","","2,082,531","","12,888,128","","Households, 2013-2017","","609,124","","455,502","","3,663,104","","7,510,882","","Households, 2013-2017","","1,121,943","","1,251,587","","2,537,189","","4,818,452","","Households, 2013-2017","","2,181,093","","554,061","","1,737,645","","1,724,514","","Households, 2013-2017","","1,103,514","","2,153,202","","3,888,646","","2,585,715","","Households, 2013-2017","","1,052,249","","748,405","","419,975","","2,386,203","","Households, 2013-2017","","1,468,971","","4,633,145","","311,525","","3,874,346","","Households, 2013-2017","","7,302,710","","770,435","","3,199,111","","526,710","","Households, 2013-2017","","1,871,307","","412,028","","5,007,442","","1,571,631","","Households, 2013-2017","","938,365","","9,430,419","","2,547,194","","339,458","","Households, 2013-2017","","737,671","","2,755,697","","3,105,636","","258,535","","Households, 2013-2017","","230,237","","2,328,754","",
"Persons per household, 2013-2017","","2.52","","2.68","","2.81","","2.55","","Persons per household, 2013-2017","","2.61","","2.55","","2.55","","2.96","","Persons per household, 2013-2017","","2.67","","3.02","","2.71","","2.64","","Persons per household, 2013-2017","","2.52","","2.41","","2.53","","2.61","","Persons per household, 2013-2017","","2.68","","2.34","","2.61","","2.49","","Persons per household, 2013-2017","","2.62","","2.49","","2.49","","2.53","","Persons per household, 2013-2017","","2.71","","2.46","","2.38","","2.47","","Persons per household, 2013-2017","","2.58","","2.44","","2.31","","2.53","","Persons per household, 2013-2017","","2.63","","2.65","","2.74","","2.45","","Persons per household, 2013-2017","","2.54","","2.46","","2.47","","2.50","","Persons per household, 2013-2017","","3.14","","2.84","","2.53","","2.42","","Persons per household, 2013-2017","","2.42","","2.55","","2.62","","2.32","","Persons per household, 2013-2017","","2.47","","2.41","",
"Living in same house 1 year ago, percent of persons age 1 year+, 2013-2017","","84.2%","","81.9%","","81.2%","","85.8%","","Living in same house 1 year ago, percent of persons age 1 year+, 2013-2017","","86.9%","","87.9%","","81.3%","","86.2%","","Living in same house 1 year ago, percent of persons age 1 year+, 2013-2017","","82.6%","","86.1%","","84.3%","","84.1%","","Living in same house 1 year ago, percent of persons age 1 year+, 2013-2017","","83.7%","","84.7%","","85.0%","","86.9%","","Living in same house 1 year ago, percent of persons age 1 year+, 2013-2017","","86.3%","","86.5%","","86.7%","","84.5%","","Living in same house 1 year ago, percent of persons age 1 year+, 2013-2017","","86.3%","","85.6%","","85.4%","","87.0%","","Living in same house 1 year ago, percent of persons age 1 year+, 2013-2017","","80.6%","","83.8%","","83.9%","","84.3%","","Living in same house 1 year ago, percent of persons age 1 year+, 2013-2017","","82.8%","","85.1%","","82.3%","","84.8%","","Living in same house 1 year ago, percent of persons age 1 year+, 2013-2017","","89.4%","","86.2%","","90.0%","","85.8%","","Living in same house 1 year ago, percent of persons age 1 year+, 2013-2017","","85.1%","","86.8%","","87.7%","","82.0%","","Living in same house 1 year ago, percent of persons age 1 year+, 2013-2017","","82.8%","","83.8%","","85.2%","","83.7%","","Living in same house 1 year ago, percent of persons age 1 year+, 2013-2017","","88.3%","","82.4%","","84.3%","","86.7%","","Living in same house 1 year ago, percent of persons age 1 year+, 2013-2017","","82.4%","","85.7%","",
"Language other than English spoken at home, percent of persons age 5 years+, 2013-2017","","7.2%","","27.0%","","16.0%","","5.1%","","Language other than English spoken at home, percent of persons age 5 years+, 2013-2017","","12.8%","","22.1%","","16.9%","","44.0%","","Language other than English spoken at home, percent of persons age 5 years+, 2013-2017","","10.7%","","25.8%","","13.9%","","28.7%","","Language other than English spoken at home, percent of persons age 5 years+, 2013-2017","","11.5%","","7.6%","","8.4%","","22.8%","","Language other than English spoken at home, percent of persons age 5 years+, 2013-2017","","18.0%","","6.2%","","8.3%","","5.3%","","Language other than English spoken at home, percent of persons age 5 years+, 2013-2017","","3.9%","","11.3%","","9.4%","","23.1%","","Language other than English spoken at home, percent of persons age 5 years+, 2013-2017","","30.5%","","11.2%","","3.9%","","6.0%","","Language other than English spoken at home, percent of persons age 5 years+, 2013-2017","","10.1%","","6.9%","","5.6%","","11.4%","","Language other than English spoken at home, percent of persons age 5 years+, 2013-2017","","30.6%","","35.0%","","31.0%","","7.8%","","Language other than English spoken at home, percent of persons age 5 years+, 2013-2017","","6.9%","","22.0%","","11.0%","","15.2%","","Language other than English spoken at home, percent of persons age 5 years+, 2013-2017","","14.8%","","35.3%","","7.0%","","6.4%","","Language other than English spoken at home, percent of persons age 5 years+, 2013-2017","","2.5%","","19.1%","","15.8%","","5.6%","","Language other than English spoken at home, percent of persons age 5 years+, 2013-2017","","7.3%","","8.7%","",
"Households with a computer, percent, 2013-2017","","81.9%","","88.2%","","92.4%","","81.4%","","Households with a computer, percent, 2013-2017","","88.4%","","88.2%","","91.9%","","90.2%","","Households with a computer, percent, 2013-2017","","88.9%","","89.0%","","87.0%","","88.1%","","Households with a computer, percent, 2013-2017","","86.9%","","86.2%","","85.5%","","86.7%","","Households with a computer, percent, 2013-2017","","90.2%","","87.0%","","81.6%","","82.4%","","Households with a computer, percent, 2013-2017","","79.0%","","89.1%","","86.5%","","88.9%","","Households with a computer, percent, 2013-2017","","89.7%","","86.9%","","86.1%","","85.6%","","Households with a computer, percent, 2013-2017","","84.9%","","85.8%","","87.3%","","85.5%","","Households with a computer, percent, 2013-2017","","86.8%","","81.7%","","88.9%","","91.2%","","Households with a computer, percent, 2013-2017","","84.2%","","86.4%","","84.8%","","90.5%","","Households with a computer, percent, 2013-2017","","93.5%","","87.6%","","83.2%","","85.3%","","Households with a computer, percent, 2013-2017","","79.8%","","91.4%","","88.6%","","87.6%","","Households with a computer, percent, 2013-2017","","89.8%","","86.6%","",
"Households with a broadband Internet subscription, percent, 2013-2017","","66.7%","","79.4%","","82.9%","","70.2%","","Households with a broadband Internet subscription, percent, 2013-2017","","79.6%","","82.1%","","83.8%","","82.6%","","Households with a broadband Internet subscription, percent, 2013-2017","","77.2%","","81.8%","","76.8%","","78.6%","","Households with a broadband Internet subscription, percent, 2013-2017","","77.5%","","76.6%","","75.0%","","78.4%","","Households with a broadband Internet subscription, percent, 2013-2017","","82.8%","","77.7%","","70.2%","","72.9%","","Households with a broadband Internet subscription, percent, 2013-2017","","64.3%","","80.8%","","76.3%","","83.0%","","Households with a broadband Internet subscription, percent, 2013-2017","","79.3%","","78.5%","","76.1%","","75.0%","","Households with a broadband Internet subscription, percent, 2013-2017","","72.8%","","77.1%","","77.5%","","75.8%","","Households with a broadband Internet subscription, percent, 2013-2017","","78.9%","","69.9%","","82.5%","","84.6%","","Households with a broadband Internet subscription, percent, 2013-2017","","72.4%","","80.0%","","76.8%","","81.9%","","Households with a broadband Internet subscription, percent, 2013-2017","","83.7%","","76.8%","","72.4%","","75.7%","","Households with a broadband Internet subscription, percent, 2013-2017","","70.3%","","84.3%","","80.0%","","78.6%","","Households with a broadband Internet subscription, percent, 2013-2017","","79.2%","","78.1%","",
"High school graduate or higher, percent of persons age 25 years+, 2013-2017","","85.6%","","86.5%","","92.4%","","85.3%","","High school graduate or higher, percent of persons age 25 years+, 2013-2017","","89.3%","","90.2%","","91.1%","","82.5%","","High school graduate or higher, percent of persons age 25 years+, 2013-2017","","90.2%","","91.6%","","86.3%","","87.6%","","High school graduate or higher, percent of persons age 25 years+, 2013-2017","","90.5%","","91.8%","","88.3%","","88.6%","","High school graduate or higher, percent of persons age 25 years+, 2013-2017","","89.8%","","92.1%","","84.3%","","85.2%","","High school graduate or higher, percent of persons age 25 years+, 2013-2017","","83.4%","","92.8%","","90.2%","","90.3%","","High school graduate or higher, percent of persons age 25 years+, 2013-2017","","85.8%","","90.9%","","93.0%","","89.2%","","High school graduate or higher, percent of persons age 25 years+, 2013-2017","","87.5%","","89.8%","","92.3%","","86.9%","","High school graduate or higher, percent of persons age 25 years+, 2013-2017","","86.1%","","85.0%","","89.2%","","92.8%","","High school graduate or higher, percent of persons age 25 years+, 2013-2017","","86.5%","","87.3%","","89.9%","","90.2%","","High school graduate or higher, percent of persons age 25 years+, 2013-2017","","91.8%","","82.8%","","86.5%","","91.4%","","High school graduate or higher, percent of persons age 25 years+, 2013-2017","","85.9%","","90.8%","","89.0%","","92.3%","","High school graduate or higher, percent of persons age 25 years+, 2013-2017","","92.8%","","91.7%","",
"Bachelor's degree or higher, percent of persons age 25 years+, 2013-2017","","22.0%","","28.4%","","29.0%","","24.5%","","Bachelor's degree or higher, percent of persons age 25 years+, 2013-2017","","31.0%","","38.4%","","39.4%","","32.6%","","Bachelor's degree or higher, percent of persons age 25 years+, 2013-2017","","26.8%","","32.0%","","29.9%","","28.5%","","Bachelor's degree or higher, percent of persons age 25 years+, 2013-2017","","32.3%","","27.7%","","25.3%","","33.4%","","Bachelor's degree or higher, percent of persons age 25 years+, 2013-2017","","39.0%","","30.3%","","23.4%","","23.2%","","Bachelor's degree or higher, percent of persons age 25 years+, 2013-2017","","21.3%","","34.8%","","28.1%","","42.1%","","Bachelor's degree or higher, percent of persons age 25 years+, 2013-2017","","23.7%","","30.6%","","30.7%","","28.2%","","Bachelor's degree or higher, percent of persons age 25 years+, 2013-2017","","24.8%","","27.2%","","28.9%","","29.9%","","Bachelor's degree or higher, percent of persons age 25 years+, 2013-2017","","35.3%","","26.9%","","38.1%","","36.0%","","Bachelor's degree or higher, percent of persons age 25 years+, 2013-2017","","27.0%","","33.0%","","30.1%","","32.3%","","Bachelor's degree or higher, percent of persons age 25 years+, 2013-2017","","32.5%","","28.7%","","26.1%","","27.8%","","Bachelor's degree or higher, percent of persons age 25 years+, 2013-2017","","19.9%","","34.5%","","37.6%","","36.8%","","Bachelor's degree or higher, percent of persons age 25 years+, 2013-2017","","26.7%","","29.0%","",
"With a disability, under age 65 years, percent, 2013-2017","","12.5%","","8.5%","","8.5%","","11.7%","","With a disability, under age 65 years, percent, 2013-2017","","8.2%","","7.3%","","7.3%","","6.9%","","With a disability, under age 65 years, percent, 2013-2017","","9.3%","","6.5%","","8.8%","","8.6%","","With a disability, under age 65 years, percent, 2013-2017","","8.8%","","7.9%","","9.9%","","7.1%","","With a disability, under age 65 years, percent, 2013-2017","","7.4%","","11.8%","","10.9%","","13.0%","","With a disability, under age 65 years, percent, 2013-2017","","11.7%","","7.3%","","10.4%","","7.9%","","With a disability, under age 65 years, percent, 2013-2017","","9.1%","","7.6%","","9.4%","","10.5%","","With a disability, under age 65 years, percent, 2013-2017","","11.4%","","10.0%","","7.0%","","9.6%","","With a disability, under age 65 years, percent, 2013-2017","","7.5%","","10.4%","","6.7%","","8.8%","","With a disability, under age 65 years, percent, 2013-2017","","10.5%","","9.5%","","9.6%","","10.2%","","With a disability, under age 65 years, percent, 2013-2017","","6.8%","","8.0%","","11.2%","","8.3%","","With a disability, under age 65 years, percent, 2013-2017","","14.4%","","9.0%","","7.9%","","10.3%","","With a disability, under age 65 years, percent, 2013-2017","","9.0%","","8.3%","",
"Persons  without health insurance, under age 65 years, percent","","9.8%","","12.7%","","14.3%","","12.0%","","Persons  without health insurance, under age 65 years, percent","","6.8%","","6.2%","","8.6%","","8.3%","","Persons  without health insurance, under age 65 years, percent","","13.2%","","4.9%","","15.7%","","16.0%","","Persons  without health insurance, under age 65 years, percent","","10.3%","","5.6%","","9.7%","","8.1%","","Persons  without health insurance, under age 65 years, percent","","6.9%","","10.0%","","9.3%","","6.7%","","Persons  without health insurance, under age 65 years, percent","","14.4%","","5.1%","","6.4%","","3.2%","","Persons  without health insurance, under age 65 years, percent","","13.0%","","9.7%","","10.0%","","11.2%","","Persons  without health insurance, under age 65 years, percent","","16.7%","","7.7%","","8.4%","","12.7%","","Persons  without health insurance, under age 65 years, percent","","6.3%","","11.4%","","8.7%","","6.9%","","Persons  without health insurance, under age 65 years, percent","","12.7%","","4.8%","","6.7%","","8.4%","","Persons  without health insurance, under age 65 years, percent","","10.5%","","20.0%","","12.0%","","11.6%","","Persons  without health insurance, under age 65 years, percent","","7.9%","","7.5%","","10.2%","","4.9%","","Persons  without health insurance, under age 65 years, percent","","12.5%","","6.5%","",
"In civilian labor force, total, percent of population age 16 years+, 2013-2017","","57.9%","","59.2%","","67.1%","","57.3%","","In civilian labor force, total, percent of population age 16 years+, 2013-2017","","61.9%","","66.5%","","67.4%","","63.0%","","In civilian labor force, total, percent of population age 16 years+, 2013-2017","","62.2%","","61.6%","","62.4%","","58.4%","","In civilian labor force, total, percent of population age 16 years+, 2013-2017","","65.8%","","67.5%","","63.8%","","65.2%","","In civilian labor force, total, percent of population age 16 years+, 2013-2017","","67.5%","","63.0%","","59.6%","","59.0%","","In civilian labor force, total, percent of population age 16 years+, 2013-2017","","57.2%","","69.8%","","61.2%","","67.3%","","In civilian labor force, total, percent of population age 16 years+, 2013-2017","","63.6%","","69.6%","","63.2%","","62.8%","","In civilian labor force, total, percent of population age 16 years+, 2013-2017","","60.8%","","63.1%","","69.5%","","61.4%","","In civilian labor force, total, percent of population age 16 years+, 2013-2017","","63.1%","","58.0%","","65.5%","","67.8%","","In civilian labor force, total, percent of population age 16 years+, 2013-2017","","59.9%","","64.8%","","62.6%","","62.1%","","In civilian labor force, total, percent of population age 16 years+, 2013-2017","","67.8%","","64.2%","","60.9%","","68.3%","","In civilian labor force, total, percent of population age 16 years+, 2013-2017","","53.5%","","63.4%","","64.4%","","65.8%","","In civilian labor force, total, percent of population age 16 years+, 2013-2017","","67.0%","","66.8%","",
"In civilian labor force, female, percent of population age 16 years+, 2013-2017","","53.1%","","54.3%","","64.5%","","52.4%","","In civilian labor force, female, percent of population age 16 years+, 2013-2017","","58.3%","","62.2%","","62.4%","","57.1%","","In civilian labor force, female, percent of population age 16 years+, 2013-2017","","56.3%","","59.1%","","58.0%","","54.1%","","In civilian labor force, female, percent of population age 16 years+, 2013-2017","","61.2%","","63.2%","","58.9%","","60.4%","","In civilian labor force, female, percent of population age 16 years+, 2013-2017","","63.7%","","59.8%","","55.5%","","54.7%","","In civilian labor force, female, percent of population age 16 years+, 2013-2017","","53.6%","","66.1%","","57.0%","","63.4%","","In civilian labor force, female, percent of population age 16 years+, 2013-2017","","58.8%","","64.9%","","59.3%","","58.9%","","In civilian labor force, female, percent of population age 16 years+, 2013-2017","","55.5%","","58.9%","","65.0%","","57.4%","","In civilian labor force, female, percent of population age 16 years+, 2013-2017","","58.6%","","54.1%","","60.2%","","63.6%","","In civilian labor force, female, percent of population age 16 years+, 2013-2017","","56.0%","","61.0%","","58.2%","","57.6%","","In civilian labor force, female, percent of population age 16 years+, 2013-2017","","59.7%","","57.7%","","56.2%","","64.2%","","In civilian labor force, female, percent of population age 16 years+, 2013-2017","","49.0%","","58.3%","","60.6%","","63.0%","","In civilian labor force, female, percent of population age 16 years+, 2013-2017","","62.0%","","63.2%","",
"Total accommodation and food services sales, 2012 ($1,000)","(c)","4,307,264","","13,996,635","","2,221,335","","7,576,462","","Total accommodation and food services sales, 2012 ($1,000)","(c)","2,148,437","","9,542,068","","13,617,654","","90,830,372","","Total accommodation and food services sales, 2012 ($1,000)","(c)","2,680,225","","9,536,706","","18,976,611","","49,817,925","","Total accommodation and food services sales, 2012 ($1,000)","(c)","4,873,411","","5,468,687","","13,076,602","","27,937,381","","Total accommodation and food services sales, 2012 ($1,000)","(c)","12,516,782","","2,901,347","","11,697,949","","7,500,115","","Total accommodation and food services sales, 2012 ($1,000)","(c)","6,999,175","","11,722,627","","17,962,356","","17,508,975","","Total accommodation and food services sales, 2012 ($1,000)","(c)","27,481,505","","3,094,498","","2,420,455","","12,430,310","","Total accommodation and food services sales, 2012 ($1,000)","(c)","7,121,153","","20,652,777","","2,045,123","","18,622,258","","Total accommodation and food services sales, 2012 ($1,000)","(c)","49,285,508","","4,349,672","","19,673,558","","2,942,278","","Total accommodation and food services sales, 2012 ($1,000)","(c)","9,763,818","","2,481,314","","23,504,192","","8,466,788","","Total accommodation and food services sales, 2012 ($1,000)","(c)","4,789,281","","54,480,811","","12,499,013","","1,873,699","","Total accommodation and food services sales, 2012 ($1,000)","(c)","4,036,333","","14,297,278","","17,795,901","","1,564,272","","Total accommodation and food services sales, 2012 ($1,000)","(c)","1,644,844","","10,303,256","",
"Total health care and social assistance receipts/revenue, 2012 ($1,000)","(c)","15,792,628","","37,055,881","","6,375,483","","26,039,632","","Total health care and social assistance receipts/revenue, 2012 ($1,000)","(c)","7,003,251","","29,573,119","","29,488,161","","248,953,592","","Total health care and social assistance receipts/revenue, 2012 ($1,000)","(c)","7,895,614","","8,136,947","","51,800,643","","124,061,425","","Total health care and social assistance receipts/revenue, 2012 ($1,000)","(c)","18,248,370","","18,583,828","","42,493,117","","83,431,778","","Total health care and social assistance receipts/revenue, 2012 ($1,000)","(c)","40,821,901","","10,297,043","","27,951,792","","26,264,745","","Total health care and social assistance receipts/revenue, 2012 ($1,000)","(c)","16,630,587","","40,403,572","","63,018,786","","63,583,090","","Total health care and social assistance receipts/revenue, 2012 ($1,000)","(c)","13,928,514","","12,869,418","","6,469,475","","40,089,316","","Total health care and social assistance receipts/revenue, 2012 ($1,000)","(c)","22,795,438","","80,915,693","","5,418,355","","55,227,505","","Total health care and social assistance receipts/revenue, 2012 ($1,000)","(c)","155,666,053","","11,236,630","","60,375,232","","9,616,460","","Total health care and social assistance receipts/revenue, 2012 ($1,000)","(c)","22,941,292","","8,223,005","","96,329,248","","24,956,816","","Total health care and social assistance receipts/revenue, 2012 ($1,000)","(c)","14,521,857","","145,035,130","","42,383,683","","6,211,731","","Total health care and social assistance receipts/revenue, 2012 ($1,000)","(c)","12,259,395","","43,966,889","","47,705,003","","4,457,996","","Total health care and social assistance receipts/revenue, 2012 ($1,000)","(c)","3,291,478","","40,680,625","",
"Total manufacturers shipments, 2012 ($1,000)","(c)","62,712,925","","51,243,473","","D","","124,809,759","","Total manufacturers shipments, 2012 ($1,000)","(c)","22,597,384","","55,160,095","","50,447,098","","512,303,164","","Total manufacturers shipments, 2012 ($1,000)","(c)","20,201,432","","D","","155,836,792","","96,924,106","","Total manufacturers shipments, 2012 ($1,000)","(c)","86,076,260","","116,668,830","","242,763,842","","281,037,755","","Total manufacturers shipments, 2012 ($1,000)","(c)","39,532,989","","16,044,543","","271,191,050","","129,284,438","","Total manufacturers shipments, 2012 ($1,000)","(c)","66,441,608","","123,076,309","","238,892,383","","81,927,799","","Total manufacturers shipments, 2012 ($1,000)","(c)","14,719,141","","57,499,177","","11,535,236","","111,535,362","","Total manufacturers shipments, 2012 ($1,000)","(c)","74,295,394","","313,629,976","","14,427,360","","202,344,646","","Total manufacturers shipments, 2012 ($1,000)","(c)","148,879,931","","29,102,352","","108,854,971","","18,895,624","","Total manufacturers shipments, 2012 ($1,000)","(c)","99,160,840","","11,262,158","","231,396,178","","51,349,948","","Total manufacturers shipments, 2012 ($1,000)","(c)","50,046,429","","702,603,073","","139,960,482","","16,882,647","","Total manufacturers shipments, 2012 ($1,000)","(c)","24,553,072","","131,530,601","","96,389,872","","9,315,494","","Total manufacturers shipments, 2012 ($1,000)","(c)","10,783,794","","177,728,926","",
"Total merchant wholesaler sales, 2012 ($1,000)","(c)","31,256,110","","69,437,272","","5,216,303","","57,746,565","","Total merchant wholesaler sales, 2012 ($1,000)","(c)","5,628,914","","161,962,244","","77,034,971","","666,652,186","","Total merchant wholesaler sales, 2012 ($1,000)","(c)","17,906,012","","9,607,982","","143,645,290","","252,626,608","","Total merchant wholesaler sales, 2012 ($1,000)","(c)","60,226,324","","62,318,301","","81,173,422","","295,456,992","","Total merchant wholesaler sales, 2012 ($1,000)","(c)","60,734,191","","12,961,262","","68,012,838","","71,745,899","","Total merchant wholesaler sales, 2012 ($1,000)","(c)","28,302,952","","104,485,117","","115,704,903","","123,904,370","","Total merchant wholesaler sales, 2012 ($1,000)","(c)","19,841,701","","42,618,995","","12,645,824","","91,916,351","","Total merchant wholesaler sales, 2012 ($1,000)","(c)","71,892,946","","155,426,023","","28,150,837","","105,275,586","","Total merchant wholesaler sales, 2012 ($1,000)","(c)","341,734,970","","10,720,363","","288,467,844","","18,029,179","","Total merchant wholesaler sales, 2012 ($1,000)","(c)","45,520,900","","22,310,389","","191,170,147","","48,325,261","","Total merchant wholesaler sales, 2012 ($1,000)","(c)","30,927,885","","691,242,607","","111,718,421","","20,411,059","","Total merchant wholesaler sales, 2012 ($1,000)","(c)","14,295,437","","83,313,366","","86,613,641","","6,450,076","","Total merchant wholesaler sales, 2012 ($1,000)","(c)","5,597,891","","77,066,883","",
"Total retail sales, 2012 ($1,000)","(c)","36,815,256","","84,716,542","","10,474,275","","58,564,965","","Total retail sales, 2012 ($1,000)","(c)","14,456,001","","51,632,467","","67,815,200","","481,800,461","","Total retail sales, 2012 ($1,000)","(c)","20,444,278","","18,901,745","","119,801,495","","273,867,145","","Total retail sales, 2012 ($1,000)","(c)","38,276,461","","44,905,624","","85,857,962","","166,634,514","","Total retail sales, 2012 ($1,000)","(c)","76,379,707","","21,521,714","","61,396,364","","54,869,978","","Total retail sales, 2012 ($1,000)","(c)","37,053,190","","78,898,182","","119,302,046","","92,915,380","","Total retail sales, 2012 ($1,000)","(c)","38,234,170","","30,470,717","","15,623,573","","90,546,581","","Total retail sales, 2012 ($1,000)","(c)","50,256,231","","153,553,997","","15,519,816","","120,691,007","","Total retail sales, 2012 ($1,000)","(c)","251,167,736","","25,179,274","","133,665,728","","26,018,201","","Total retail sales, 2012 ($1,000)","(c)","58,093,824","","12,063,865","","178,794,945","","49,481,054","","Total retail sales, 2012 ($1,000)","(c)","38,024,486","","356,116,376","","91,641,605","","13,791,827","","Total retail sales, 2012 ($1,000)","(c)","22,637,923","","118,924,049","","110,002,385","","9,933,751","","Total retail sales, 2012 ($1,000)","(c)","9,446,043","","78,201,822","",
"Total retail sales per capita, 2012","(c)","$12,483","","$12,927","","$14,320","","$12,145","","Total retail sales per capita, 2012","(c)","$15,763","","$14,381","","$13,073","","$12,665","","Total retail sales per capita, 2012","(c)","$12,812","","$13,576","","$12,077","","$14,177","","Total retail sales per capita, 2012","(c)","$13,263","","$14,607","","$13,133","","$12,942","","Total retail sales per capita, 2012","(c)","$12,980","","$16,192","","$13,342","","$12,526","","Total retail sales per capita, 2012","(c)","$12,413","","$14,667","","$12,071","","$13,980","","Total retail sales per capita, 2012","(c)","$13,858","","$16,422","","$15,544","","$15,036","","Total retail sales per capita, 2012","(c)","$13,174","","$13,301","","$22,183","","$12,376","","Total retail sales per capita, 2012","(c)","$12,834","","$12,073","","$15,079","","$19,700","","Total retail sales per capita, 2012","(c)","$12,298","","$11,486","","$14,008","","$12,690","","Total retail sales per capita, 2012","(c)","$13,317","","$13,666","","$14,194","","$16,550","","Total retail sales per capita, 2012","(c)","$12,201","","$17,243","","$13,438","","$15,868","","Total retail sales per capita, 2012","(c)","$16,388","","$13,656","",
"Mean travel time to work (minutes), workers age 16 years+, 2013-2017","","21.6","","25.1","","18.8","","24.6","","Mean travel time to work (minutes), workers age 16 years+, 2013-2017","","25.7","","26.0","","25.2","","28.8","","Mean travel time to work (minutes), workers age 16 years+, 2013-2017","","20.6","","27.4","","28.0","","27.0","","Mean travel time to work (minutes), workers age 16 years+, 2013-2017","","19.2","","19.0","","23.4","","28.7","","Mean travel time to work (minutes), workers age 16 years+, 2013-2017","","32.7","","23.8","","25.2","","23.1","","Mean travel time to work (minutes), workers age 16 years+, 2013-2017","","24.4","","23.4","","24.3","","29.3","","Mean travel time to work (minutes), workers age 16 years+, 2013-2017","","24.0","","18.4","","17.8","","23.5","","Mean travel time to work (minutes), workers age 16 years+, 2013-2017","","21.5","","23.4","","17.1","","24.3","","Mean travel time to work (minutes), workers age 16 years+, 2013-2017","","33.0","","21.8","","31.5","","27.2","","Mean travel time to work (minutes), workers age 16 years+, 2013-2017","","24.3","","24.6","","26.7","","23.5","","Mean travel time to work (minutes), workers age 16 years+, 2013-2017","","21.6","","26.1","","24.8","","17.0","","Mean travel time to work (minutes), workers age 16 years+, 2013-2017","","25.7","","27.1","","28.2","","22.8","","Mean travel time to work (minutes), workers age 16 years+, 2013-2017","","18.0","","22.0","",
"Median household income (in 2017 dollars), 2013-2017","","$43,813","","$53,510","","$76,114","","$46,472","","Median household income (in 2017 dollars), 2013-2017","","$63,036","","$73,781","","$65,458","","$67,169","","Median household income (in 2017 dollars), 2013-2017","","$50,985","","$74,923","","$52,977","","$50,883","","Median household income (in 2017 dollars), 2013-2017","","$55,477","","$56,570","","$52,182","","$61,229","","Median household income (in 2017 dollars), 2013-2017","","$78,916","","$53,024","","$46,710","","$46,535","","Median household income (in 2017 dollars), 2013-2017","","$42,009","","$65,699","","$52,668","","$74,167","","Median household income (in 2017 dollars), 2013-2017","","$55,434","","$56,675","","$50,801","","$51,542","","Median household income (in 2017 dollars), 2013-2017","","$49,767","","$52,407","","$61,285","","$50,320","","Median household income (in 2017 dollars), 2013-2017","","$62,765","","$46,718","","$76,475","","$71,305","","Median household income (in 2017 dollars), 2013-2017","","$48,781","","$61,043","","$56,951","","$56,119","","Median household income (in 2017 dollars), 2013-2017","","$65,325","","$57,051","","$48,708","","$54,126","","Median household income (in 2017 dollars), 2013-2017","","$44,061","","$66,174","","$68,766","","$57,808","","Median household income (in 2017 dollars), 2013-2017","","$60,938","","$56,759","",
"Per capita income in past 12 months (in 2017 dollars), 2013-2017","","$24,426","","$27,964","","$35,065","","$25,746","","Per capita income in past 12 months (in 2017 dollars), 2013-2017","","$32,625","","$41,365","","$34,845","","$33,128","","Per capita income in past 12 months (in 2017 dollars), 2013-2017","","$25,471","","$32,511","","$28,015","","$28,774","","Per capita income in past 12 months (in 2017 dollars), 2013-2017","","$29,600","","$30,063","","$27,305","","$32,924","","Per capita income in past 12 months (in 2017 dollars), 2013-2017","","$39,070","","$29,886","","$26,205","","$25,888","","Per capita income in past 12 months (in 2017 dollars), 2013-2017","","$22,500","","$34,712","","$28,938","","$39,913","","Per capita income in past 12 months (in 2017 dollars), 2013-2017","","$28,450","","$29,866","","$28,706","","$28,282","","Per capita income in past 12 months (in 2017 dollars), 2013-2017","","$26,461","","$29,011","","$34,256","","$28,123","","Per capita income in past 12 months (in 2017 dollars), 2013-2017","","$35,752","","$25,257","","$39,069","","$36,914","","Per capita income in past 12 months (in 2017 dollars), 2013-2017","","$26,645","","$33,315","","$31,476","","$30,410","","Per capita income in past 12 months (in 2017 dollars), 2013-2017","","$26,907","","$28,985","","$27,277","","$28,761","","Per capita income in past 12 months (in 2017 dollars), 2013-2017","","$24,774","","$34,869","","$36,268","","$31,917","","Per capita income in past 12 months (in 2017 dollars), 2013-2017","","$31,214","","$30,557","",
"Persons in poverty, percent","","17.2%","","14.0%","","10.9%","","16.8%","","Persons in poverty, percent","","12.5%","","10.4%","","9.6%","","12.8%","","Persons in poverty, percent","","11.8%","","8.8%","","14.3%","","13.6%","","Persons in poverty, percent","","12.0%","","11.2%","","13.1%","","12.1%","","Persons in poverty, percent","","9.0%","","11.6%","","18.6%","","16.9%","","Persons in poverty, percent","","19.7%","","9.6%","","14.1%","","10.0%","","Persons in poverty, percent","","12.9%","","11.0%","","13.0%","","13.2%","","Persons in poverty, percent","","15.6%","","13.9%","","10.7%","","14.0%","","Persons in poverty, percent","","13.6%","","19.5%","","9.5%","","7.6%","","Persons in poverty, percent","","15.3%","","12.9%","","12.2%","","12.6%","","Persons in poverty, percent","","9.0%","","14.9%","","15.3%","","13.1%","","Persons in poverty, percent","","17.8%","","10.3%","","10.7%","","11.0%","","Persons in poverty, percent","","11.1%","","11.0%","",
"Total employer establishments, 2016","","65,611","1","139,134","1","21,077","1","99,584","1","Total employer establishments, 2016","","25,366","1","89,416","1","165,264","1","922,477","1","Total employer establishments, 2016","","45,826","1","32,350","1","228,330","1","546,218","1","Total employer establishments, 2016","","74,884","1","81,563","1","146,078","1","319,605","1","Total employer establishments, 2016","","138,480","1","41,178","1","105,732","1","92,000","1","Total employer establishments, 2016","","58,850","1","150,115","1","220,412","1","177,631","1","Total employer establishments, 2016","","64,815","1","54,265","1","37,626","1","160,912","1","Total employer establishments, 2016","","93,232","1","252,201","1","24,601","1","227,347","1","Total employer establishments, 2016","","544,073","1","43,771","1","231,974","1","37,868","1","Total employer establishments, 2016","","105,959","1","28,685","1","301,484","1","114,551","1","Total employer establishments, 2016","","77,504","1","579,168","1","135,352","1","26,743","1","Total employer establishments, 2016","","36,607","1","186,164","1","199,548","1","21,174","1","Total employer establishments, 2016","","20,966","1","140,859","1",
"Total employment, 2016","","1,023,854","1","2,379,409","1","266,072","1","1,673,249","1","Total employment, 2016","","400,069","1","1,533,879","1","2,318,190","1","14,600,349","1","Total employment, 2016","","562,282","1","528,415","1","3,804,433","1","8,169,642","1","Total employment, 2016","","1,184,710","1","1,354,487","1","2,720,277","1","5,513,071","1","Total employment, 2016","","2,282,725","1","511,936","1","1,709,226","1","1,603,173","1","Total employment, 2016","","939,322","1","2,661,627","1","3,805,578","1","3,254,781","1","Total employment, 2016","","1,165,298","1","884,450","1","378,463","1","2,494,720","1","Total employment, 2016","","1,360,379","1","4,790,178","1","346,947","1","3,794,926","1","Total employment, 2016","","8,178,455","1","628,723","1","3,636,293","1","594,243","1","Total employment, 2016","","1,716,496","1","435,148","1","5,354,964","1","1,551,192","1","Total employment, 2016","","1,239,348","1","10,429,924","1","2,592,600","1","357,950","1","Total employment, 2016","","558,905","1","2,685,355","1","3,254,172","1","262,705","1","Total employment, 2016","","208,440","1","2,524,329","1",
"Total annual payroll, 2016 ($1,000)","","40,969,051","1","106,431,260","1","15,239,195","1","68,970,623","1","Total annual payroll, 2016 ($1,000)","","21,196,371","1","94,658,647","1","120,398,734","1","886,643,923","1","Total annual payroll, 2016 ($1,000)","","22,243,275","1","22,892,445","1","182,911,144","1","363,336,322","1","Total annual payroll, 2016 ($1,000)","","51,016,318","1","56,930,435","1","117,009,032","1","295,308,470","1","Total annual payroll, 2016 ($1,000)","","121,952,023","1","21,349,199","1","75,125,447","1","65,242,827","1","Total annual payroll, 2016 ($1,000)","","34,356,961","1","137,135,936","1","183,192,569","1","204,747,200","1","Total annual payroll, 2016 ($1,000)","","49,207,817","1","37,715,004","1","14,542,766","1","112,072,115","1","Total annual payroll, 2016 ($1,000)","","57,193,626","1","218,466,744","1","15,816,748","1","170,980,033","1","Total annual payroll, 2016 ($1,000)","","521,872,694","1","25,029,224","1","214,757,817","1","29,193,307","1","Total annual payroll, 2016 ($1,000)","","69,050,740","1","20,150,835","1","261,082,307","1","74,062,716","1","Total annual payroll, 2016 ($1,000)","","54,331,488","1","526,782,643","1","114,896,051","1","14,183,056","1","Total annual payroll, 2016 ($1,000)","","21,637,981","1","156,915,349","1","170,160,430","1","10,828,353","1","Total annual payroll, 2016 ($1,000)","","9,303,969","1","115,817,145","1",
"Total employment, percent change, 2015-2016","","2.1%","1","3.7%","1","-0.7%","1","2.4%","1","Total employment, percent change, 2015-2016","","0.7%","1","2.0%","1","2.9%","1","1.9%","1","Total employment, percent change, 2015-2016","","2.9%","1","0.9%","1","3.0%","1","5.0%","1","Total employment, percent change, 2015-2016","","-0.4%","1","1.2%","1","2.2%","1","1.6%","1","Total employment, percent change, 2015-2016","","1.9%","1","2.3%","1","-0.9%","1","1.5%","1","Total employment, percent change, 2015-2016","","1.4%","1","1.9%","1","2.2%","1","2.8%","1","Total employment, percent change, 2015-2016","","3.1%","1","1.6%","1","0.9%","1","2.1%","1","Total employment, percent change, 2015-2016","","-0.8%","1","1.5%","1","-5.2%","1","3.4%","1","Total employment, percent change, 2015-2016","","2.2%","1","0.4%","1","2.2%","1","3.1%","1","Total employment, percent change, 2015-2016","","3.3%","1","2.2%","1","0.9%","1","3.5%","1","Total employment, percent change, 2015-2016","","2.9%","1","1.9%","1","3.4%","1","1.2%","1","Total employment, percent change, 2015-2016","","-1.2%","1","3.2%","1","1.7%","1","-1.4%","1","Total employment, percent change, 2015-2016","","-5.2%","1","0.8%","1",
"Total nonemployer establishments, 2017","","205,915","","485,984","","56,796","","329,993","","Total nonemployer establishments, 2017","","65,634","","281,453","","517,350","","3,374,050","","Total nonemployer establishments, 2017","","130,699","","111,003","","915,043","","2,245,127","","Total nonemployer establishments, 2017","","201,268","","211,320","","415,261","","985,260","","Total nonemployer establishments, 2017","","497,161","","116,299","","378,493","","291,230","","Total nonemployer establishments, 2017","","219,596","","409,860","","715,824","","559,925","","Total nonemployer establishments, 2017","","233,007","","137,380","","91,520","","418,097","","Total nonemployer establishments, 2017","","287,984","","785,833","","55,317","","760,638","","Total nonemployer establishments, 2017","","1,751,378","","124,091","","716,918","","107,083","","Total nonemployer establishments, 2017","","351,453","","80,905","","849,036","","295,127","","Total nonemployer establishments, 2017","","236,794","","2,399,267","","524,081","","66,713","","Total nonemployer establishments, 2017","","88,343","","478,331","","617,046","","61,505","","Total nonemployer establishments, 2017","","51,309","","350,624","",
"All firms, 2012","","231,959","","499,926","","68,032","","374,153","","All firms, 2012","","73,418","","326,693","","547,352","","3,548,449","","All firms, 2012","","146,642","","118,454","","929,864","","2,100,187","","All firms, 2012","","239,118","","259,121","","479,059","","1,135,017","","All firms, 2012","","531,953","","139,570","","414,291","","331,546","","All firms, 2012","","235,454","","489,494","","834,087","","607,664","","All firms, 2012","","227,156","","164,089","","112,419","","491,606","","All firms, 2012","","327,229","","904,814","","68,270","","805,985","","All firms, 2012","","2,008,988","","151,363","","792,088","","131,638","","All firms, 2012","","367,726","","94,642","","975,453","","339,305","","All firms, 2012","","251,419","","2,356,748","","550,453","","81,314","","All firms, 2012","","114,435","","541,522","","653,193","","75,827","","All firms, 2012","","62,427","","432,980","",
"Men-owned firms, 2012","","123,158","","245,243","","35,402","","203,604","","Men-owned firms, 2012","","38,328","","187,845","","284,554","","1,852,580","","Men-owned firms, 2012","","70,438","","60,409","","480,578","","1,084,885","","Men-owned firms, 2012","","125,169","","135,382","","253,533","","609,648","","Men-owned firms, 2012","","276,630","","79,243","","215,111","","184,154","","Men-owned firms, 2012","","125,079","","268,710","","446,128","","357,158","","Men-owned firms, 2012","","114,057","","83,696","","55,913","","257,948","","Men-owned firms, 2012","","174,395","","510,078","","37,016","","435,677","","Men-owned firms, 2012","","1,139,910","","71,132","","464,592","","76,716","","Men-owned firms, 2012","","202,446","","54,651","","579,400","","165,691","","Men-owned firms, 2012","","132,163","","1,251,696","","302,249","","42,418","","Men-owned firms, 2012","","63,112","","262,650","","353,012","","41,270","","Men-owned firms, 2012","","30,039","","236,252","",
"Women-owned firms, 2012","","75,962","","182,425","","22,141","","137,630","","Women-owned firms, 2012","","23,964","","106,678","","194,508","","1,320,085","","Women-owned firms, 2012","","45,121","","44,453","","376,506","","807,817","","Women-owned firms, 2012","","77,194","","82,345","","162,798","","417,500","","Women-owned firms, 2012","","209,119","","42,067","","151,114","","106,011","","Women-owned firms, 2012","","89,159","","157,821","","306,986","","199,210","","Women-owned firms, 2012","","82,508","","51,936","","35,449","","162,616","","Women-owned firms, 2012","","105,168","","306,824","","20,316","","287,058","","Women-owned firms, 2012","","725,709","","59,044","","252,944","","38,525","","Women-owned firms, 2012","","131,856","","30,484","","304,803","","123,015","","Women-owned firms, 2012","","76,269","","866,678","","195,694","","23,722","","Women-owned firms, 2012","","39,065","","187,677","","236,290","","23,417","","Women-owned firms, 2012","","19,344","","133,859","",
"Minority-owned firms, 2012","","35,982","","135,313","","13,688","","92,219","","Minority-owned firms, 2012","","14,440","","56,113","","85,849","","1,619,857","","Minority-owned firms, 2012","","10,592","","74,208","","371,588","","926,112","","Minority-owned firms, 2012","","26,127","","14,707","","61,252","","311,684","","Minority-owned firms, 2012","","203,394","","4,339","","126,100","","27,258","","Minority-owned firms, 2012","","74,824","","47,302","","158,946","","89,967","","Minority-owned firms, 2012","","71,864","","14,571","","5,578","","61,035","","Minority-owned firms, 2012","","64,875","","122,653","","3,190","","183,380","","Minority-owned firms, 2012","","709,021","","60,622","","237,242","","6,111","","Minority-owned firms, 2012","","83,233","","14,737","","131,512","","41,456","","Minority-owned firms, 2012","","24,423","","1,070,392","","105,234","","4,101","","Minority-owned firms, 2012","","5,777","","92,807","","185,043","","2,354","","Minority-owned firms, 2012","","4,077","","40,507","",
"Nonminority-owned firms, 2012","","189,029","","344,981","","51,147","","272,651","","Nonminority-owned firms, 2012","","54,782","","259,614","","442,365","","1,819,107","","Nonminority-owned firms, 2012","","130,973","","38,510","","538,893","","1,121,749","","Nonminority-owned firms, 2012","","204,562","","236,561","","405,090","","795,129","","Nonminority-owned firms, 2012","","314,902","","131,322","","277,676","","296,155","","Nonminority-owned firms, 2012","","155,094","","428,716","","657,237","","499,959","","Nonminority-owned firms, 2012","","144,944","","144,122","","102,746","","415,972","","Nonminority-owned firms, 2012","","249,027","","759,569","","62,271","","603,182","","Nonminority-owned firms, 2012","","1,248,304","","83,857","","533,808","","121,297","","Nonminority-owned firms, 2012","","276,269","","77,042","","818,858","","285,028","","Nonminority-owned firms, 2012","","218,826","","1,224,845","","434,025","","74,228","","Nonminority-owned firms, 2012","","104,785","","426,697","","450,109","","70,491","","Nonminority-owned firms, 2012","","55,397","","379,934","",
"Veteran-owned firms, 2012","","25,915","","46,780","","7,953","","41,943","","Veteran-owned firms, 2012","","7,206","","31,056","","51,722","","252,377","","Veteran-owned firms, 2012","","12,804","","11,148","","96,787","","185,756","","Veteran-owned firms, 2012","","21,610","","25,889","","45,174","","89,110","","Veteran-owned firms, 2012","","50,976","","15,689","","42,211","","33,208","","Veteran-owned firms, 2012","","26,789","","45,582","","71,861","","58,339","","Veteran-owned firms, 2012","","23,049","","16,693","","11,486","","49,217","","Veteran-owned firms, 2012","","36,273","","91,316","","6,584","","86,571","","Veteran-owned firms, 2012","","137,532","","14,096","","57,996","","16,119","","Veteran-owned firms, 2012","","47,987","","9,904","","97,969","","30,918","","Veteran-owned firms, 2012","","18,754","","213,590","","59,379","","8,604","","Veteran-owned firms, 2012","","12,912","","49,331","","76,434","","8,237","","Veteran-owned firms, 2012","","6,470","","39,830","",
"Nonveteran-owned firms, 2012","","192,988","","427,582","","56,091","","316,984","","Nonveteran-owned firms, 2012","","60,318","","281,182","","469,524","","3,176,341","","Nonveteran-owned firms, 2012","","124,314","","101,334","","800,585","","1,846,686","","Nonveteran-owned firms, 2012","","203,401","","217,779","","412,543","","1,006,885","","Nonveteran-owned firms, 2012","","462,232","","115,839","","354,460","","282,704","","Nonveteran-owned firms, 2012","","198,566","","419,628","","733,517","","525,667","","Nonveteran-owned firms, 2012","","191,293","","137,254","","93,393","","415,542","","Nonveteran-owned firms, 2012","","273,491","","776,193","","56,904","","684,743","","Nonveteran-owned firms, 2012","","1,811,544","","128,693","","707,975","","108,817","","Nonveteran-owned firms, 2012","","303,137","","79,837","","837,792","","288,790","","Nonveteran-owned firms, 2012","","219,807","","2,057,218","","469,392","","66,219","","Nonveteran-owned firms, 2012","","94,960","","461,401","","548,439","","63,317","","Nonveteran-owned firms, 2012","","51,353","","370,755","",
"Population per square mile, 2010","","56.0","","56.3","","1.2","","94.4","","Population per square mile, 2010","","460.8","","738.1","","48.5","","239.1","","Population per square mile, 2010","","19.0","","211.8","","168.4","","350.6","","Population per square mile, 2010","","34.9","","54.5","","181.0","","231.1","","Population per square mile, 2010","","594.8","","43.1","","104.9","","109.9","","Population per square mile, 2010","","63.2","","66.6","","174.8","","839.4","","Population per square mile, 2010","","24.6","","23.8","","6.8","","87.1","","Population per square mile, 2010","","54.7","","282.3","","9.7","","196.1","","Population per square mile, 2010","","411.2","","17.0","","1,195.5","","147.0","","Population per square mile, 2010","","153.9","","1,018.1","","283.9","","39.9","","Population per square mile, 2010","","33.6","","96.3","","153.9","","10.7","","Population per square mile, 2010","","77.1","","101.2","","202.6","","67.9","","Population per square mile, 2010","","5.8","","105.0","",
"Land area in square miles, 2010","","52,035.48","","113,594.08","","570,640.95","","50,645.33","","Land area in square miles, 2010","","1,948.54","","4,842.36","","103,641.89","","155,779.22","","Land area in square miles, 2010","","82,643.12","","6,422.63","","57,513.49","","53,624.76","","Land area in square miles, 2010","","81,758.72","","55,857.13","","35,826.11","","55,518.93","","Land area in square miles, 2010","","9,707.24","","30,842.92","","43,203.90","","39,486.34","","Land area in square miles, 2010","","46,923.27","","79,626.74","","56,538.90","","7,800.06","","Land area in square miles, 2010","","109,781.18","","76,824.17","","145,545.80","","68,741.52","","Land area in square miles, 2010","","68,594.92","","40,860.69","","69,000.80","","48,617.91","","Land area in square miles, 2010","","47,126.40","","121,298.15","","7,354.22","","8,952.65","","Land area in square miles, 2010","","30,060.70","","1,033.81","","44,742.70","","95,988.01","","Land area in square miles, 2010","","82,169.62","","261,231.71","","41,234.90","","75,811.00","","Land area in square miles, 2010","","24,038.21","","66,455.52","","39,490.09","","9,216.66","","Land area in square miles, 2010","","97,093.14","","54,157.80","",
"FIPS Code","","""05""","","""04""","","""02""","","""01""","","FIPS Code","","""10""","","""09""","","""08""","","""06""","","FIPS Code","","""16""","","""15""","","""13""","","""12""","","FIPS Code","","""20""","","""19""","","""18""","","""17""","","FIPS Code","","""24""","","""23""","","""22""","","""21""","","FIPS Code","","""28""","","""27""","","""26""","","""25""","","FIPS Code","","""32""","","""31""","","""30""","","""29""","","FIPS Code","","""40""","","""39""","","""38""","","""37""","","FIPS Code","","""36""","","""35""","","""34""","","""33""","","FIPS Code","","""45""","","""44""","","""42""","","""41""","","FIPS Code","","""49""","","""48""","","""47""","","""46""","","FIPS Code","","""54""","","""53""","","""51""","","""50""","","FIPS Code","","""56""","","""55""","",
"","","","","","","","","","","","","","","","","","","","","","","","","","","","","","","","","","","","","","","","","","","","","","","","","","","","","","","","","","","","","","","","","","","","","","","","","","","","","","","","","","","","","","","","","","","","","","","","","","","","","","","","","","","","","","","","","","","","","","","","","","","","","","",
"NOTE: FIPS Code values are enclosed in quotes to ensure leading zeros remain intact.","","","","","","","","","","NOTE: FIPS Code values are enclosed in quotes to ensure leading zeros remain intact.","","","","","","","","","","NOTE: FIPS Code values are enclosed in quotes to ensure leading zeros remain intact.","","","","","","","","","","NOTE: FIPS Code values are enclosed in quotes to ensure leading zeros remain intact.","","","","","","","","","","NOTE: FIPS Code values are enclosed in quotes to ensure leading zeros remain intact.","","","","","","","","","","NOTE: FIPS Code values are enclosed in quotes to ensure leading zeros remain intact.","","","","","","","","","","NOTE: FIPS Code values are enclosed in quotes to ensure leading zeros remain intact.","","","","","","","","","","NOTE: FIPS Code values are enclosed in quotes to ensure leading zeros remain intact.","","","","","","","","","","NOTE: FIPS Code values are enclosed in quotes to ensure leading zeros remain intact.","","","","","","","","","","NOTE: FIPS Code values are enclosed in quotes to ensure leading zeros remain intact.","","","","","","","","","","NOTE: FIPS Code values are enclosed in quotes to ensure leading zeros remain intact.","","","","","","","","","","NOTE: FIPS Code values are enclosed in quotes to ensure leading zeros remain intact.","","","","","","","","","","NOTE: FIPS Code values are enclosed in quotes to ensure leading zeros remain intact.","","","","","",
"","","","","","","","","","","","","","","","","","","","","","","","","","","","","","","","","","","","","","","","","","","","","","","","","","","","","","","","","","","","","","","","","","","","","","","","","","","","","","","","","","","","","","","","","","","","","","","","","","","","","","","","","","","","","","","","","","","","","","","","","","","","","","",
"Value Notes","","","","","","","","","","Value Notes","","","","","","","","","","Value Notes","","","","","","","","","","Value Notes","","","","","","","","","","Value Notes","","","","","","","","","","Value Notes","","","","","","","","","","Value Notes","","","","","","","","","","Value Notes","","","","","","","","","","Value Notes","","","","","","","","","","Value Notes","","","","","","","","","","Value Notes","","","","","","","","","","Value Notes","","","","","","","","","","Value Notes","","","","","",
"1","Includes data not distributed by county.","","","","","","","","","1","Includes data not distributed by county.","","","","","","","","","1","Includes data not distributed by county.","","","","","","","","","1","Includes data not distributed by county.","","","","","","","","","1","Includes data not distributed by county.","","","","","","","","","1","Includes data not distributed by county.","","","","","","","","","1","Includes data not distributed by county.","","","","","","","","","1","Includes data not distributed by county.","","","","","","","","","1","Includes data not distributed by county.","","","","","","","","","1","Includes data not distributed by county.","","","","","","","","","1","Includes data not distributed by county.","","","","","","","","","1","Includes data not distributed by county.","","","","","","","","","1","Includes data not distributed by county.","","","","",
"","","","","","","","","","","","","","","","","","","","","","","","","","","","","","","","","","","","","","","","","","","","","","","","","","","","","","","","","","","","","","","","","","","","","","","","","","","","","","","","","","","","","","","","","","","","","","","","","","","","","","","","","","","","","","","","","","","","","","","","","","","","","","",
"Fact Notes","","","","","","","","","","Fact Notes","","","","","","","","","","Fact Notes","","","","","","","","","","Fact Notes","","","","","","","","","","Fact Notes","","","","","","","","","","Fact Notes","","","","","","","","","","Fact Notes","","","","","","","","","","Fact Notes","","","","","","","","","","Fact Notes","","","","","","","","","","Fact Notes","","","","","","","","","","Fact Notes","","","","","","","","","","Fact Notes","","","","","","","","","","Fact Notes","","","","","",
"(a)","Includes persons reporting only one race","","","","","","","","","(a)","Includes persons reporting only one race","","","","","","","","","(a)","Includes persons reporting only one race","","","","","","","","","(a)","Includes persons reporting only one race","","","","","","","","","(a)","Includes persons reporting only one race","","","","","","","","","(a)","Includes persons reporting only one race","","","","","","","","","(a)","Includes persons reporting only one race","","","","","","","","","(a)","Includes persons reporting only one race","","","","","","","","","(a)","Includes persons reporting only one race","","","","","","","","","(a)","Includes persons reporting only one race","","","","","","","","","(a)","Includes persons reporting only one race","","","","","","","","","(a)","Includes persons reporting only one race","","","","","","","","","(a)","Includes persons reporting only one race","","","","",
"(b)","Hispanics may be of any race, so also are included in applicable race categories","","","","","","","","","(b)","Hispanics may be of any race, so also are included in applicable race categories","","","","","","","","","(b)","Hispanics may be of any race, so also are included in applicable race categories","","","","","","","","","(b)","Hispanics may be of any race, so also are included in applicable race categories","","","","","","","","","(b)","Hispanics may be of any race, so also are included in applicable race categories","","","","","","","","","(b)","Hispanics may be of any race, so also are included in applicable race categories","","","","","","","","","(b)","Hispanics may be of any race, so also are included in applicable race categories","","","","","","","","","(b)","Hispanics may be of any race, so also are included in applicable race categories","","","","","","","","","(b)","Hispanics may be of any race, so also are included in applicable race categories","","","","","","","","","(b)","Hispanics may be of any race, so also are included in applicable race categories","","","","","","","","","(b)","Hispanics may be of any race, so also are included in applicable race categories","","","","","","","","","(b)","Hispanics may be of any race, so also are included in applicable race categories","","","","","","","","","(b)","Hispanics may be of any race, so also are included in applicable race categories","","","","",
"(c)","Economic Census - Puerto Rico data are not comparable to U.S. Economic Census data","","","","","","","","","(c)","Economic Census - Puerto Rico data are not comparable to U.S. Economic Census data","","","","","","","","","(c)","Economic Census - Puerto Rico data are not comparable to U.S. Economic Census data","","","","","","","","","(c)","Economic Census - Puerto Rico data are not comparable to U.S. Economic Census data","","","","","","","","","(c)","Economic Census - Puerto Rico data are not comparable to U.S. Economic Census data","","","","","","","","","(c)","Economic Census - Puerto Rico data are not comparable to U.S. Economic Census data","","","","","","","","","(c)","Economic Census - Puerto Rico data are not comparable to U.S. Economic Census data","","","","","","","","","(c)","Economic Census - Puerto Rico data are not comparable to U.S. Economic Census data","","","","","","","","","(c)","Economic Census - Puerto Rico data are not comparable to U.S. Economic Census data","","","","","","","","","(c)","Economic Census - Puerto Rico data are not comparable to U.S. Economic Census data","","","","","","","","","(c)","Economic Census - Puerto Rico data are not comparable to U.S. Economic Census data","","","","","","","","","(c)","Economic Census - Puerto Rico data are not comparable to U.S. Economic Census data","","","","","","","","","(c)","Economic Census - Puerto Rico data are not comparable to U.S. Economic Census data","","","","",
"","","","","","","","","","","","","","","","","","","","","","","","","","","","","","","","","","","","","","","","","","","","","","","","","","","","","","","","","","","","","","","","","","","","","","","","","","","","","","","","","","","","","","","","","","","","","","","","","","","","","","","","","","","","","","","","","","","","","","","","","","","","","","",
"Value Flags","","","","","","","","","","Value Flags","","","","","","","","","","Value Flags","","","","","","","","","","Value Flags","","","","","","","","","","Value Flags","","","","","","","","","","Value Flags","","","","","","","","","","Value Flags","","","","","","","","","","Value Flags","","","","","","","","","","Value Flags","","","","","","","","","","Value Flags","","","","","","","","","","Value Flags","","","","","","","","","","Value Flags","","","","","","","","","","Value Flags","","","","","",
"-","Either no or too few sample observations were available to compute an estimate, or a ratio of medians cannot be calculated because one or both of the median estimates falls in the lowest or upper interval of an open ended distribution.","","","","","","","","","-","Either no or too few sample observations were available to compute an estimate, or a ratio of medians cannot be calculated because one or both of the median estimates falls in the lowest or upper interval of an open ended distribution.","","","","","","","","","-","Either no or too few sample observations were available to compute an estimate, or a ratio of medians cannot be calculated because one or both of the median estimates falls in the lowest or upper interval of an open ended distribution.","","","","","","","","","-","Either no or too few sample observations were available to compute an estimate, or a ratio of medians cannot be calculated because one or both of the median estimates falls in the lowest or upper interval of an open ended distribution.","","","","","","","","","-","Either no or too few sample observations were available to compute an estimate, or a ratio of medians cannot be calculated because one or both of the median estimates falls in the lowest or upper interval of an open ended distribution.","","","","","","","","","-","Either no or too few sample observations were available to compute an estimate, or a ratio of medians cannot be calculated because one or both of the median estimates falls in the lowest or upper interval of an open ended distribution.","","","","","","","","","-","Either no or too few sample observations were available to compute an estimate, or a ratio of medians cannot be calculated because one or both of the median estimates falls in the lowest or upper interval of an open ended distribution.","","","","","","","","","-","Either no or too few sample observations were available to compute an estimate, or a ratio of medians cannot be calculated because one or both of the median estimates falls in the lowest or upper interval of an open ended distribution.","","","","","","","","","-","Either no or too few sample observations were available to compute an estimate, or a ratio of medians cannot be calculated because one or both of the median estimates falls in the lowest or upper interval of an open ended distribution.","","","","","","","","","-","Either no or too few sample observations were available to compute an estimate, or a ratio of medians cannot be calculated because one or both of the median estimates falls in the lowest or upper interval of an open ended distribution.","","","","","","","","","-","Either no or too few sample observations were available to compute an estimate, or a ratio of medians cannot be calculated because one or both of the median estimates falls in the lowest or upper interval of an open ended distribution.","","","","","","","","","-","Either no or too few sample observations were available to compute an estimate, or a ratio of medians cannot be calculated because one or both of the median estimates falls in the lowest or upper interval of an open ended distribution.","","","","","","","","","-","Either no or too few sample observations were available to compute an estimate, or a ratio of medians cannot be calculated because one or both of the median estimates falls in the lowest or upper interval of an open ended distribution.","","","","",
"D","Suppressed to avoid disclosure of confidential information","","","","","","","","","D","Suppressed to avoid disclosure of confidential information","","","","","","","","","D","Suppressed to avoid disclosure of confidential information","","","","","","","","","D","Suppressed to avoid disclosure of confidential information","","","","","","","","","D","Suppressed to avoid disclosure of confidential information","","","","","","","","","D","Suppressed to avoid disclosure of confidential information","","","","","","","","","D","Suppressed to avoid disclosure of confidential information","","","","","","","","","D","Suppressed to avoid disclosure of confidential information","","","","","","","","","D","Suppressed to avoid disclosure of confidential information","","","","","","","","","D","Suppressed to avoid disclosure of confidential information","","","","","","","","","D","Suppressed to avoid disclosure of confidential information","","","","","","","","","D","Suppressed to avoid disclosure of confidential information","","","","","","","","","D","Suppressed to avoid disclosure of confidential information","","","","",
"F","Fewer than 25 firms","","","","","","","","","F","Fewer than 25 firms","","","","","","","","","F","Fewer than 25 firms","","","","","","","","","F","Fewer than 25 firms","","","","","","","","","F","Fewer than 25 firms","","","","","","","","","F","Fewer than 25 firms","","","","","","","","","F","Fewer than 25 firms","","","","","","","","","F","Fewer than 25 firms","","","","","","","","","F","Fewer than 25 firms","","","","","","","","","F","Fewer than 25 firms","","","","","","","","","F","Fewer than 25 firms","","","","","","","","","F","Fewer than 25 firms","","","","","","","","","F","Fewer than 25 firms","","","","",
"FN","Footnote on this item in place of data","","","","","","","","","FN","Footnote on this item in place of data","","","","","","","","","FN","Footnote on this item in place of data","","","","","","","","","FN","Footnote on this item in place of data","","","","","","","","","FN","Footnote on this item in place of data","","","","","","","","","FN","Footnote on this item in place of data","","","","","","","","","FN","Footnote on this item in place of data","","","","","","","","","FN","Footnote on this item in place of data","","","","","","","","","FN","Footnote on this item in place of data","","","","","","","","","FN","Footnote on this item in place of data","","","","","","","","","FN","Footnote on this item in place of data","","","","","","","","","FN","Footnote on this item in place of data","","","","","","","","","FN","Footnote on this item in place of data","","","","",
"NA","Not available","","","","","","","","","NA","Not available","","","","","","","","","NA","Not available","","","","","","","","","NA","Not available","","","","","","","","","NA","Not available","","","","","","","","","NA","Not available","","","","","","","","","NA","Not available","","","","","","","","","NA","Not available","","","","","","","","","NA","Not available","","","","","","","","","NA","Not available","","","","","","","","","NA","Not available","","","","","","","","","NA","Not available","","","","","","","","","NA","Not available","","","","",
"S","Suppressed; does not meet publication standards","","","","","","","","","S","Suppressed; does not meet publication standards","","","","","","","","","S","Suppressed; does not meet publication standards","","","","","","","","","S","Suppressed; does not meet publication standards","","","","","","","","","S","Suppressed; does not meet publication standards","","","","","","","","","S","Suppressed; does not meet publication standards","","","","","","","","","S","Suppressed; does not meet publication standards","","","","","","","","","S","Suppressed; does not meet publication standards","","","","","","","","","S","Suppressed; does not meet publication standards","","","","","","","","","S","Suppressed; does not meet publication standards","","","","","","","","","S","Suppressed; does not meet publication standards","","","","","","","","","S","Suppressed; does not meet publication standards","","","","","","","","","S","Suppressed; does not meet publication standards","","","","",
"X","Not applicable","","","","","","","","","X","Not applicable","","","","","","","","","X","Not applicable","","","","","","","","","X","Not applicable","","","","","","","","","X","Not applicable","","","","","","","","","X","Not applicable","","","","","","","","","X","Not applicable","","","","","","","","","X","Not applicable","","","","","","","","","X","Not applicable","","","","","","","","","X","Not applicable","","","","","","","","","X","Not applicable","","","","","","","","","X","Not applicable","","","","","","","","","X","Not applicable","","","","",
"Z","Value greater than zero but less than half unit of measure shown","","","","","","","","","Z","Value greater than zero but less than half unit of measure shown","","","","","","","","","Z","Value greater than zero but less than half unit of measure shown","","","","","","","","","Z","Value greater than zero but less than half unit of measure shown","","","","","","","","","Z","Value greater than zero but less than half unit of measure shown","","","","","","","","","Z","Value greater than zero but less than half unit of measure shown","","","","","","","","","Z","Value greater than zero but less than half unit of measure shown","","","","","","","","","Z","Value greater than zero but less than half unit of measure shown","","","","","","","","","Z","Value greater than zero but less than half unit of measure shown","","","","","","","","","Z","Value greater than zero but less than half unit of measure shown","","","","","","","","","Z","Value greater than zero but less than half unit of measure shown","","","","","","","","","Z","Value greater than zero but less than half unit of measure shown","","","","","","","","","Z","Value greater than zero but less than half unit of measure shown","","","","",
